Actual,RNN_Predicted,LSTM_Predicted,ARIMA_Predicted,HW_Predicted
283.76001,291.4543,277.9964,331.6843461296994,331.089182094234
291.720001,283.67767,278.4718,333.05797540976124,331.24837100534467
284.730011,291.55762,280.8968,333.69533231792803,331.40755991645534
291.820007,292.89996,282.55298,332.9915645486347,331.566748827566
296.73999,293.999,285.36035,331.6652969913606,331.7259377386767
291.130005,300.04242,288.94324,331.0259188365653,331.88512664978737
319.5,298.1509,291.3273,331.681418972777,332.04431556089804
316.089996,309.40704,298.16754,332.9613816668827,332.20350447200866
317.660004,304.9851,304.40253,333.60157504150595,332.36269338311934
332.100006,323.16724,310.25314,332.9921042791185,332.52188229423
342.769989,330.1326,317.684,331.7573852995146,332.6810712053407
344.779999,339.91968,326.15024,331.1175008459666,332.84026011645136
357.720001,343.78482,333.96805,331.68310277747094,332.99944902756204
358.170013,359.18607,342.75198,332.8736414141939,333.1586379386727
370.829987,351.2625,350.25107,333.51217091462166,333.3178268497834
352.549988,372.88785,358.42078,332.98835322690525,333.47701576089406
362.220001,363.2022,361.7232,331.8409312656772,333.63620467200474
347.51001,374.75687,364.7963,331.20472828817503,333.7953935831154
333.630005,355.04828,363.73996,331.68877212900514,333.9545824942261
333.01001,351.2079,358.79755,332.7941395832304,334.11377140533676
342.0,333.87302,352.75433,333.4271154111237,334.27296031644744
344.5,340.0287,348.19867,332.98090744294103,334.4321492275581
349.929993,337.45215,344.79514,331.91653549440286,334.5913381386688
342.950012,345.9345,343.33243,331.2876198942279,334.7505270497794
335.070007,350.72617,341.61618,331.69785930767085,334.9097159608901
310.859985,341.00693,339.09924,332.72229003681434,335.06890487200076
309.160004,343.14984,332.57974,333.3463766068219,335.22809378311143
308.899994,328.58163,325.74313,332.970307324273,335.3872826942221
318.51001,320.34747,319.3887,331.9847696763975,335.5464716053328
322.470001,321.08478,315.75122,331.3662198175628,335.70566051644346
318.959991,317.85907,314.24307,331.70985025454814,335.86484942755413
316.709991,311.321,313.4235,332.6575354871523,336.0240383386648
318.869995,324.42487,313.0616,333.26989903680186,336.1832272497755
310.100006,311.95328,313.6091,332.9570415522041,336.34241616088616
322.690002,326.75696,312.96988,332.0461767611191,336.50160507199683
323.850006,315.37808,314.5831,331.4405939612809,336.6607939831075
320.230011,323.47003,316.69485,331.72428072940835,336.8199828942182
313.579987,324.67752,318.23978,332.5993472390845,336.97917180532886
303.200012,326.4588,318.35587,333.1976071901983,337.1383607164395
297.429993,314.15515,316.17493,332.94155083855486,337.29754962755015
308.73999,319.68408,312.47202,332.10127129144206,337.45673853866083
306.649994,301.02365,310.5699,331.5108266548824,337.6159274497715
297.179993,308.12445,308.75516,331.74073265992274,337.7751163608822
290.170013,298.10547,305.72076,332.54722478344416,337.93430527199286
298.140015,300.18436,301.69452,333.1294086682458,338.09349418310353
300.839996,303.54507,299.35538,332.9242314814853,338.2526830942142
349.540009,309.19897,298.20236,332.1505398766284,338.4118720053249
348.170013,320.3716,306.45773,331.5770176552941,338.57106091643556
341.98999,338.6856,316.0657,331.75883068018624,338.73024982754623
379.570007,344.13504,324.78436,332.5006952631221,338.8894387386569
370.339996,353.20087,339.32324,333.0651970301506,339.0486276497676
352.450012,363.58505,351.41583,332.9054387333631,339.20781656087826
355.48999,372.37204,358.25095,332.194441782127,339.36700547198893
356.410004,354.1457,362.85648,331.6392794482762,339.5261943830996
347.640015,365.93622,365.27243,331.7782388556128,339.6853832942102
338.690002,354.99118,364.2744,332.45931283224314,339.8445722053209
335.450012,333.8162,360.19922,333.00485435006965,340.0037611164316
305.5,334.65033,354.60324,332.8854899840443,340.16295002754225
308.440002,327.10312,343.37622,332.2334096168319,340.3221389386529
321.899994,302.00836,332.59393,331.6977348275488,340.4813278497636
321.640015,327.7446,325.22482,331.7986575904506,340.6405167608743
320.100006,316.25092,319.7643,332.42265792682525,340.79970567198495
322.820007,323.11392,315.9634,332.94825350723494,340.9588945830956
319.269989,328.95792,314.2873,332.8646677636713,341.1180834942063
311.859985,328.53036,313.36343,332.26785010038384,341.277272405317
305.01001,315.97305,312.03452,331.7525147302111,341.43646131642765
303.149994,318.89874,309.95306,331.8198207134894,341.59565022753833
301.660004,305.39786,307.7896,332.3903364634176,341.754839138649
288.950012,295.96884,305.66357,332.89526023004635,341.9140280497597
280.73999,295.72836,301.6494,332.8432225697087,342.07321696087035
280.950012,286.26022,296.35657,332.2981448949056,342.232405871981
263.23999,275.90143,291.3979,331.80375630823016,342.39159478309165
285.5,284.93793,284.01636,331.8414927369746,342.5507836942023
279.440002,268.3091,281.0719,332.36197898047516,342.709972605313
290.540009,286.70593,278.53204,332.8457349137617,342.8691615164237
289.459991,292.28665,279.03735,332.8213755234387,343.02835042753435
295.200012,286.4464,280.4652,332.3246514872282,343.187539338645
294.839996,310.35562,283.51538,331.851601216954,343.3467282497557
284.959991,310.83624,286.836,331.8634662832937,343.5059171608664
299.019989,291.98538,288.31076,332.33723973563275,343.66510607197705
298.329987,303.0894,291.67233,332.7995342302575,343.8242949830877
299.100006,300.42017,294.683,332.7993208615431,343.9834838941984
299.679993,294.25272,297.3978,332.3477041091971,344.1426728053091
300.98999,307.15964,299.67087,331.8961941027417,344.30186171641975
309.579987,306.1152,301.59955,331.8855596736415,344.4610506275304
307.519989,295.36606,304.52087,332.3157957705674,344.62023953864104
264.769989,311.11414,306.7468,332.7565125472064,344.7794284497517
310.700012,288.42123,300.8724,332.77722826870666,344.9386173608624
301.019989,307.0606,301.7595,332.3676146850562,345.09780627197307
294.799988,289.93033,301.48862,331.9376812729111,345.25699518308375
281.829987,330.0363,300.3338,331.90761467260364,345.4161840941944
261.950012,268.57605,296.85956,332.29734595379233,345.5753730053051
250.559998,304.8053,289.69647,332.7165231729379,345.73456191641577
262.799988,272.60385,280.336,332.75524505741316,345.89375082752645
256.880005,256.36023,273.4107,332.38467379620204,346.0529397386371
252.229996,272.7412,266.7911,331.9762095322674,346.2121286497478
258.779999,255.22676,260.74646,331.9294943823979,346.3713175608585
259.589996,254.65106,257.17294,332.28161001048636,346.53050647196915
276.589996,262.59775,255.25151,332.67941944219814,346.6896953830798
271.779999,262.28662,257.55893,332.73349820126396,346.8488842941905
263.910004,269.25015,260.35934,332.39915165477896,347.0080732053011
260.0,286.54642,262.27045,332.0119251715016,347.1672621164118
260.950012,254.72638,263.3106,331.95108128038686,347.32645102752247
294.140015,269.79538,264.11356,332.2683275473336,347.48563993863314
288.5,269.97614,270.40955,332.6450556570239,347.6448288497438
314.859985,278.67218,276.20685,332.71209622824995,347.8040177608545
330.899994,286.58414,286.29883,332.411299078669,347.96320667196517
334.850006,317.9298,299.01297,332.0449730937313,348.12239558307584
329.899994,322.82373,311.70688,331.972275393402,348.2815844941865
337.320007,330.43384,321.9091,332.257257079319,348.4407734052972
344.279999,343.71933,331.12595,332.6132878959841,348.59996231640787
346.410004,346.39447,339.3239,332.6911309804525,348.75915122751854
341.399994,348.82773,345.79437,332.421348461412,348.9183401386292
341.059998,365.6419,349.3383,332.07549606639475,349.0775290497399
348.160004,344.59787,350.891,331.99299260239985,349.23671796085057
351.399994,353.81512,352.21243,332.2481750644839,349.3959068719612
350.51001,362.3614,353.19885,332.58397470412183,349.55509578307186
331.279999,339.15216,353.43347,332.67067924664434,349.71428469418254
338.730011,339.74655,349.7163,332.42951473148617,349.8734736052932
344.0,354.02277,346.70602,332.1036340866085,350.0326625164039
348.440002,332.14914,344.69745,332.0131630709953,350.19185142751456
354.309998,376.45697,343.96405,332.24087495179714,350.35104033862524
353.470001,346.0269,344.8765,332.5569776750551,350.5102292497359
347.48999,365.27432,346.17252,332.65080427421947,350.6694181608466
338.190002,356.58295,346.60376,332.4359962961907,350.82860707195726
325.829987,339.76352,345.22327,332.1295238489518,350.98779598306794
346.0,344.08774,341.293,332.032729791481,351.1469848941786
343.920013,343.70566,340.7026,332.2351662465242,351.3061738052893
347.869995,345.62265,340.28973,332.5321619358629,351.46536271639997
341.170013,341.90585,341.02914,332.63155716679995,351.62455162751064
350.480011,342.96948,340.91013,332.44097596610465,351.7837405386213
358.48999,354.02942,342.4955,332.15329830545306,351.942929449732
359.700012,345.8143,345.70157,332.0516472420351,352.1021183608426
363.059998,354.9785,349.25473,332.2308735967803,352.2613072719533
357.970001,356.89175,353.2168,332.5093965445902,352.42049618306396
365.149994,363.4781,355.8257,332.6129781737577,352.57968509417464
366.76001,368.41885,359.00964,332.4446218567585,352.7388740052853
366.600006,373.77173,361.89395,332.17508630832197,352.898062916396
376.790009,370.4081,364.13635,332.06988014894387,353.05725182750666
365.709991,375.02167,367.5932,332.2278359043259,353.21644073861734
348.420013,365.56503,368.57825,332.48855480945946,353.375629649728
337.029999,355.07578,365.63672,332.5950978777537,353.5348185608387
332.970001,360.02142,359.72232,332.4470882647491,353.69400747194936
315.380005,341.51758,352.58203,332.1950123266996,353.85319638306004
319.769989,346.33295,342.47818,332.0874023478133,354.0123852941707
295.390015,320.93958,333.69717,332.2259054620983,354.1715742052814
326.089996,313.87418,321.90695,332.46951453816905,354.33076311639206
316.130005,328.9368,316.82227,332.57793828624136,354.4899520275027
333.869995,310.92694,312.37906,332.4485165160637,354.64914093861336
332.799988,335.84653,312.94656,332.21319622938427,354.80832984972403
310.119995,319.51743,315.16806,332.10419573790784,354.9675187608347
300.359985,334.54276,314.3932,332.22494712047114,355.1267076719454
317.690002,316.49838,311.8065,332.4521582249909,355.28589658305606
334.959991,316.48718,312.07318,332.56151383270577,355.44508549416673
335.350006,324.17844,315.8833,332.44903578485446,355.6042744052774
338.529999,322.88623,320.4313,332.22975312613966,355.7634633163881
344.970001,320.67145,325.6223,332.1202493239379,355.92265222749876
347.26001,323.46912,331.6098,332.2248374837795,356.08184113860943
334.399994,344.68314,337.40356,332.4363731827534,356.2410300497201
344.429993,327.55447,339.96362,332.54583229322145,356.4002189608308
346.049988,351.5238,342.98755,332.4487638813287,356.55940787194146
347.309998,327.4122,345.3848,332.2447932607972,356.71859678305213
302.26001,353.75458,347.24313,332.1355583398092,356.87778569416275
298.920013,320.10287,340.27676,332.22546413825086,357.03697460527343
287.589996,330.3898,331.3368,332.42205162620564,357.1961635163841
291.51001,292.70242,320.0271,332.5308956237153,357.3553524274948
297.040009,305.76025,309.9138,332.44780800780023,357.51454133860545
296.380005,281.96924,302.2442,332.2584219499395,357.67373024971613
297.459991,286.00015,296.45697,332.15012344905347,357.8329191608268
308.769989,299.27106,292.798,332.2267249121287,357.9921080719375
307.019989,308.264,292.8626,332.40909071270676,358.15129698304816
312.209991,305.072,294.23685,332.51670072311134,358.31048589415883
312.890015,320.7214,297.4721,332.44626548227467,358.4696748052695
321.350006,306.6869,301.343,332.27073956148297,358.6288637163802
317.220001,321.2756,306.7334,332.1639500168675,358.78805262749086
307.51001,317.7562,311.1812,332.22852716845995,358.94724153860153
305.799988,310.34204,313.1733,332.3973925456654,359.1064304497122
312.839996,315.2427,313.78058,332.5032401273218,359.2656193608228
311.809998,300.90707,314.75018,332.4442244292385,359.4248082719335
308.170013,303.40225,315.092,332.2818415279806,359.5839971830442
303.769989,306.4772,314.43564,332.1770474489039,359.74318609415485
307.880005,316.09607,312.67725,332.2307871307481,359.9023750052655
305.640015,303.1827,311.43137,332.38686414567303,360.0615639163762
302.559998,315.7974,309.90027,332.490502638834,360.2207528274869
291.230011,305.57654,307.98483,332.4417644375742,360.37994173859755
294.709991,313.87854,304.23386,332.29181838993054,360.5391306497082
298.769989,304.90082,301.15845,332.18942859217475,360.6983195608189
297.859985,304.5013,299.2446,332.2334292414335,360.8575084719296
314.73999,294.96625,297.83792,332.37741739382227,361.01669738304025
319.880005,305.1543,300.00446,332.4784738964227,361.1758862941509
294.790009,305.16992,303.91492,332.4389571857469,361.3350752052616
285.359985,308.9699,303.7831,332.30075586481325,361.4942641163723
276.540009,303.5175,301.32858,332.20110919364555,361.65345302748295
276.23999,294.84824,296.668,332.23638555295497,361.81264193859363
276.589996,283.64377,291.6282,332.3689689512823,361.97183084970425
284.140015,279.48013,286.9004,332.46713688929896,362.1310197608149
290.920013,276.2439,284.16287,332.4358670345989,362.2902086719256
283.359985,294.6973,283.63965,332.30873493798265,362.4493975830363
288.959991,290.53113,282.82422,332.2121074123185,362.60858649414695
289.959991,289.1165,283.50754,332.2395951509732,362.7677754052576
275.429993,299.04758,284.84137,332.36144015881473,362.9269643163683
269.48999,293.98322,283.86484,332.4564724197925,363.086153227479
267.470001,291.93323,281.55173,332.4325515882528,363.24534213858965
273.600006,282.9933,278.642,332.315831971914,363.4045310497003
274.019989,277.9003,276.84335,332.22244338081566,363.563719960811
264.529999,271.92123,275.562,332.24300360918147,363.7229088719217
260.420013,269.68314,273.0879,332.35475691954997,363.88209778303235
267.769989,267.82657,270.09116,332.4464595184463,364.041286694143
274.829987,262.34482,268.61887,332.4290622237617,364.2004756052537
278.619995,276.64832,268.97253,332.32211883065736,364.3596645163643
279.859985,270.61682,270.66394,332.2321388126884,364.518853427475
289.179993,276.85437,273.03467,332.24656247500525,364.67804233858567
285.880005,288.8412,277.1812,332.3488495680098,364.83723124969634
291.809998,294.9836,280.79794,332.4370758151946,364.996420160807
267.779999,300.99915,285.03345,332.4254445902622,365.1556090719177
274.959991,288.23373,284.52805,332.3276630166699,365.31479798302837
273.200012,282.78534,284.08603,332.24121665188716,365.47398689413905
272.309998,276.95883,282.75665,332.2502287853843,365.6331758052497
276.059998,272.24582,280.9754,332.34365272805337,365.7923647163604
268.420013,275.8142,279.78867,332.4282978700862,365.95155362747107
267.700012,287.61447,277.47748,332.4217390784798,366.11074253858175
266.380005,289.60303,275.13162,332.3325278174945,366.2699314496924
273.359985,273.6901,272.79565,332.2497007610284,366.4291203608031
271.230011,276.77625,272.02518,332.2539646117465,366.5883092719138
273.26001,269.57516,271.46448,332.339105162137,366.7474981830244
262.75,278.48413,271.6503,332.4201014668176,366.90668709413507
263.899994,272.0605,270.31656,332.4179812615162,367.06587600524574
258.660004,284.24725,269.12878,332.3367724600294,367.2250649163564
247.630005,262.75055,267.12146,332.25761564529614,367.3842538274671
235.13999900000002,269.89307,263.26135,332.25773663321206,367.54344273857777
241.470001,242.93759,257.22067,332.33514961401687,367.70263164968844
238.69000200000002,248.91718,252.3456,332.41246187214017,367.8618205607991
234.009995,241.40424,247.73938,332.4142023079077,368.0210094719098
244.100006,245.02275,243.2042,332.34045227038223,368.18019838302047
255.029999,235.25153,241.2534,332.2649862090052,368.33938729413114
255.339996,258.36963,242.35179,332.26151573701407,368.4985762052418
247.059998,262.16455,244.6613,332.3317326467806,368.6577651163525
244.839996,258.2321,246.13655,332.405354064022,368.81695402746317
241.979996,261.3895,247.15482,332.4104293679896,368.97614293857384
239.520004,251.69682,247.42136,332.343618837536,369.13533184968446
227.009995,253.81859,246.94855,332.2718375420411,369.2945207607952
232.309998,244.07137,244.04941,332.26527664507995,369.4537096719058
231.949997,245.99075,241.66759,332.32880447787414,369.6128985830165
228.330002,239.3953,239.37056,332.3987529312583,369.77208749412716
211.029999,237.87617,236.78091,332.4066859346391,369.93127640523784
205.36000099999998,218.08315,231.55879,332.34632017926486,370.0904653163485
205.080002,217.66013,225.4071,332.27819473357,370.2496542274592
192.729996,220.07663,219.56747,332.2689975656927,370.40884313856986
195.490005,212.1831,212.43236,332.32631881258584,370.56803204968054
190.630005,214.08086,206.49994,332.39263344705074,370.7272209607912
188.699997,214.45386,200.91324,332.4029921794859,370.8864098719019
189.860001,204.7547,196.14265,332.3486009089304,371.04559878301257
188.220001,200.67416,192.7148,332.28408271058163,371.20478769412324
185.160004,191.91309,190.17136,332.27265986913073,371.3639766052339
178.970001,190.14265,188.08597,332.32423267726625,371.5231655163446
193.600006,189.46585,185.6996,332.3869708189079,371.68235442745527
196.58999600000004,192.26768,186.233,332.39936526569807,371.8415433385659
205.949997,197.7187,188.15146,332.35050240196864,372.00073224967656
204.5,206.07733,192.21559,332.28952609899756,372.15992116078723
212.880005,218.24947,196.43245,332.27624778617997,372.3191100718979
217.10000599999998,208.77238,201.88818,332.3225062533923,372.4782989830086
209.259995,217.04987,207.76227,332.38174061705746,372.63748789411926
213.910004,220.70297,211.71915,332.39581963844904,372.79667680522994
214.919998,216.85692,215.37256,332.352062961036,372.9558657163406
225.029999,225.0816,218.27347,332.2945491052301,373.1150546274513
224.74000499999997,227.60342,222.0457,332.279748128411,373.27424353856196
226.429993,231.15787,225.2301,332.3211027134325,373.43343244967264
219.61999500000002,237.79291,228.03313,332.3769188834075,373.5926213607833
221.860001,225.9717,228.99652,332.39236729417206,373.751810271894
223.639999,232.21649,229.51768,332.35331797892957,373.91099918300466
219.759995,226.79298,229.80171,332.2991754162281,374.07018809411534
219.270004,239.9435,229.09947,332.28315002912035,374.22937700522596
222.839996,225.95638,228.00778,332.3199880593288,374.38856591633663
223.460007,242.28706,227.39322,332.37248222294744,374.5477548274473
227.169998,231.50357,226.99516,332.389018029694,374.706943738558
224.55000300000003,235.84798,227.37723,332.3543000985296,374.86613264966866
234.899994,233.69637,227.52052,332.30342811619096,375.02532156077933
233.100006,236.99648,229.46751,332.28644470385126,375.18451047189
230.339996,239.46698,231.34804,332.3191309642877,375.3436993830007
230.059998,236.2907,232.6845,332.3684078793409,375.50288829411136
238.91999799999996,245.68066,233.67477,332.3857796723274,375.66207720522203
238.600006,239.82184,235.87233,332.3550393691311,375.8212661163327
245.08000200000004,254.56407,237.94229,332.307329618264,375.9804550274434
253.49999999999997,249.42238,240.88632,332.28962522942504,376.13964393855406
252.38000500000004,255.67618,245.08975,332.3185026184572,376.29883284966473
254.860001,263.99268,248.90392,332.36467379633086,376.4580217607754
253.53999300000004,258.44568,252.61108,332.3826582919762,376.617210671886
258.179993,267.2189,255.44606,332.35556339863894,376.77639958299676
255.67999300000002,271.29306,258.3224,332.31090160965937,376.9355884941074
260.170013,270.02698,260.13284,332.29268634044,377.09477740521805
264.880005,271.54462,262.02942,332.3180765789664,377.25396631632873
228.820007,267.9538,264.25177,332.3612586664523,377.4131552274394
228.039993,264.60883,259.82556,332.37965839628777,377.5723441385501
235.77000399999997,244.20166,254.05792,332.3558975011986,377.73153304966075
242.25999500000003,250.31075,249.23132,332.3141650087652,377.89072196077143
241.610001,245.98228,246.04279,332.2956242422187,378.0499108718821
233.850006,251.96477,243.68881,332.3178286247105,378.2090997829928
234.33999599999999,250.80446,240.85953,332.3581419684306,378.36828869410346
228.32000699999998,250.5968,238.66052,332.3767831098525,378.52747760521413
230.75,246.7041,236.01378,332.35606483991904,378.6866665163248
233.419998,243.56654,234.20549,332.3171399329226,378.8458554274355
238.300003,245.49535,233.4057,332.2984364392167,379.0050443385461
235.00999499999998,243.98123,234.01562,332.31773661618536,379.16423324965683
229.00999500000003,251.0846,234.59558,332.3553039945331,379.32342216076745
234.99999999999997,241.14064,234.3306,332.37403433842564,379.4826110718781
219.61999500000002,239.54396,234.9984,332.3560865644238,379.6417999829888
215.639999,242.93849,233.1241,332.3198456756553,379.8009888940995
219.940002,223.46973,230.2195,332.30112157793667,379.96017780521015
226.830002,227.95558,227.90216,332.3177803606001,380.1193667163208
225.86000100000004,220.97041,227.05898,332.3527258690368,380.2785556274315
220.83000199999998,232.79372,226.62584,332.3714129191085,380.4377445385422
222.149994,227.34247,225.74094,332.35598194303395,380.59693344965285
211.399994,231.85143,225.2372,332.32230069223914,380.7561223607635
215.00000000000003,232.48141,223.09525,332.30367930342595,380.9153112718742
214.08000200000004,218.27925,221.48093,332.3179414824329,381.0745001829849
215.589996,221.18292,219.93338,332.35038955887643,381.23368909409555
221.710007,214.59943,218.92108,332.3689187573934,381.3928780052062
225.610001,222.84378,219.30049,332.35576848944646,381.5520669163169
225.009995,230.9848,220.80104,332.3245225925918,381.7112558274275
220.679993,225.34525,222.53564,332.3061101284707,381.8704447385382
229.58000200000004,231.9307,223.57153,332.31820329953797,382.0296336496489
227.449997,229.42358,225.88074,332.34827787744797,382.18882256075955
231.789993,233.62578,227.78456,332.3665509519424,382.3480114718702
235.539993,225.531,230.15533,332.35546208382664,382.5072003829809
247.100006,241.92336,232.92033,332.3265281405546,382.6663892940916
245.869995,241.67722,237.40018,332.3084153146376,382.82557820520225
245.199997,253.5155,241.5156,332.31855070486256,382.9847671163129
242.809998,257.6707,244.9804,332.3463744824546,383.1439560274236
244.78999299999998,245.20184,247.28915,332.3643079079293,383.3031449385343
243.490005,258.8492,249.10847,332.35507708827953,383.46233384964495
246.60000599999998,241.36183,250.02727,332.3283332587173,383.6215227607556
240.619995,254.05212,250.88734,332.31059676434904,383.7807116718663
241.229996,248.27412,250.33582,332.31897005378636,383.939900582977
223.210007,254.49142,249.45709,332.34466386860316,384.0990894940876
228.699997,244.72601,245.26184,332.3621874397406,384.25827840519827
242.559998,232.26901,241.57452,332.3546264567051,384.41746731630894
242.13000499999998,246.31549,240.50452,332.3299530380167,384.5766562274196
240.869995,239.81827,240.19765,332.31265692321654,384.7358451385303
244.69000199999996,249.93872,240.28818,332.3194490570603,384.89503404964097
243.130005,240.29257,241.38869,332.34313135588434,385.05422296075164
233.029999,253.34431,242.50002,332.36018686379214,385.2134118718623
231.42999299999997,250.86119,241.89616,332.35412183907965,385.372600782973
237.720001,245.29536,240.6864,332.33140175141176,385.53178969408367
240.05000299999998,248.00426,240.36728,332.3145986918945,385.69097860519435
244.52999899999998,247.46962,240.60364,332.31997667928795,385.850167516305
244.740005,242.18672,241.80617,332.34176307410115,386.0093564274157
247.889999,242.44397,243.2427,332.35830308218124,386.16854533852637
256.959991,251.54425,245.23499,332.3535736802338,386.32773424963705
257.890015,268.7854,248.7363,332.33269287100234,386.48692316074766
259.75,262.24704,252.3842,332.3164253467519,386.6461120718584
261.970001,278.87042,256.04404,332.3205430428637,386.805300982969
256.950012,261.2298,259.58908,332.3405459442447,386.9644898940797
253.49999999999997,275.16275,261.65506,332.3565326578567,387.12367880519037
255.58000199999998,263.9656,262.30814,332.3529913132247,387.28286771630104
254.679993,267.36203,262.55417,332.3338390880231,387.4420566274117
299.679993,270.65347,262.16644,332.318140468698,387.6012455385224
328.130005,277.09827,269.3363,332.32113933725935,387.76043444963307
327.709991,295.21866,282.41223,332.3394676572578,387.91962336074374
316.220001,318.59607,295.9839,332.35487188195367,388.0788122718544
315.01001,318.33054,306.55487,332.3523830474222,388.2380011829651
314.920013,331.50232,314.71255,332.3348523352011,388.39719009407577
313.309998,330.97772,320.42526,332.3197478795341,388.55637900518644
317.470001,328.0969,323.59946,332.3217577335311,388.7155679162971
317.220001,326.89383,325.60114,332.3385166506717,388.87475682740774
326.579987,328.52945,326.1867,332.3533168339049,389.03394573851847
335.540009,316.9007,327.46304,332.35175625144666,389.1931346496291
337.140015,322.13394,329.88568,332.3357438110173,389.35232356073976
345.089996,332.2776,332.39703,332.3212515852369,389.51151247185044
349.929993,337.35498,336.03705,332.3223913039001,389.6707013829611
346.109985,353.66516,340.26355,332.3376820835487,389.8298902940718
349.350006,350.21094,343.36963,332.35186343490165,389.98907920518246
352.170013,360.9111,346.3208,332.35111743110855,390.14826811629314
349.98999,357.9518,349.0689,332.33652400546214,390.3074570274038
359.519989,366.20642,350.763,332.3226557256158,390.4666459385145
352.220001,351.76398,353.49695,332.32303394624927,390.62583484962516
354.829987,354.7102,354.47855,332.33695381011916,390.78502376073584
333.040009,353.0376,355.3173,332.35050749524953,390.9442126718465
336.339996,331.4069,351.736,332.3504723025172,391.1034015829572
328.920013,347.6059,348.0287,332.33720272692045,391.26259049406787
331.290009,332.0328,342.88364,332.32396452981834,391.42177940517854
329.940002,341.63586,338.38007,332.3236803133676,391.58096831628916
334.869995,335.36047,334.29498,332.3363223524556,391.74015722739983
336.200012,334.2137,331.92767,332.34924475612553,391.8993461385105
333.029999,335.99115,330.7861,332.3498258605292,392.0585350496212
330.369995,344.17783,329.93436,332.33778912986236,392.21772396073186
335.890015,334.43082,329.16266,332.32518227719083,392.37691287184253
339.529999,334.28476,329.73145,332.32432574676363,392.5361017829532
348.839996,344.058,331.33612,332.33577887248924,392.6952906940639
352.700012,343.85983,334.88202,332.34807092621514,392.85447960517456
359.679993,355.70862,339.30966,332.3491824427184,393.01366851628524
358.390015,356.00504,344.85873,332.3382917430533,393.1728574273959
381.5,357.36685,349.77588,332.32631326303215,393.3320463385066
378.98999,359.60706,358.11676,332.3249662148655,393.49123524961726
393.149994,371.17938,365.4411,332.335315143635,393.65042416072794
404.04000899999994,371.60327,374.2403,332.34698171367495,393.8096130718386
405.589996,388.66623,383.85956,332.34854578905134,393.96880198294923
419.220001,404.20367,392.39975,332.33871849803324,394.1279908940599
425.25,406.39975,401.74533,332.32736176880957,394.2871798051706
430.940002,415.27927,410.5284,332.32559825542216,394.44636871628126
430.380005,431.4442,418.56735,332.3349235222623,394.60555762739193
414.700012,414.87833,424.62106,332.345972853839,394.7647465385026
418.3299870000001,419.6214,425.78552,332.3479190974576,394.9239354496133
430.26001,411.08685,425.6286,332.33907675764624,395.08312436072396
443.01001,417.81644,426.38373,332.3283320364336,395.24231327183463
451.540009,424.7665,428.9826,332.326218921915,395.4015021829453
469.059998,438.53748,433.0415,332.334596919214,395.560691094056
492.14001500000006,435.70068,440.24146,332.3450401330572,395.71988000516666
481.339996,465.27524,451.59106,332.34730507548335,395.87906891627733
478.14999400000005,459.31705,460.37582,332.3393733444286,396.038257827388
524.859985,477.42084,466.99982,332.32922824621613,396.1974467384987
537.919983,485.3031,480.6389,332.32682573379145,396.3566356496093
518.5,509.8386,495.52997,332.3343287715514,396.51582456072003
513.48999,503.43295,504.8544,332.3441794090278,396.67501347183065
510.5,494.62143,510.3621,332.34670598821805,396.8342023829413
547.200012,499.81772,512.40546,332.33961456869304,396.993391294052
569.559998,504.48306,519.28357,332.33005449816295,397.1525802051627
572.200012,517.36725,529.3441,332.32741663033136,397.31176911627335
564.820007,537.53174,538.96625,332.3341130146765,397.47095802738403
558.02002,535.2922,545.6143,332.3433866279605,397.6301469384947
566.900024,550.241,548.88684,332.34612370268195,397.7893358496054
580.98999,543.0123,551.871,332.3398062561671,397.94852476071605
640.809998,553.7396,556.1228,332.3308147962769,398.10771367182673
650.570007,576.81055,571.2733,332.3279899279584,398.2669025829374
780.0,597.08575,587.95245,332.33394405496153,398.4260914940481
